"INTERVAL","ELAPSED","TIMESTAMP","TRANSACTIONS","THROUGHPUT","LATENCY","EVICTING"
"0","100","1486245962722","501","5010.0","1.388157894736842","0"
"1","200","1486245962819","336","3360.0","1.8917748917748918","0"
"2","300","1486245962920","422","4220.0","1.4817518248175183","0"
"3","400","1486245963018","466","4660.0","1.2706270627062706","0"
"4","500","1486245963120","504","5040.0","1.3300970873786409","0"
"5","600","1486245963220","398","3980.0","1.8396946564885497","0"
"6","700","1486245963319","446","4460.0","1.3249097472924187","0"
"7","800","1486245963420","314","3140.0","1.7276785714285714","0"
"8","900","1486245963520","415","4150.0","1.825657894736842","0"
"9","1000","1486245963618","422","4220.0","1.3333333333333333","0"
"10","1100","1486245963721","505","5050.0","1.3536977491961415","0"
"11","1200","1486245963821","373","3730.0","1.61328125","0"
"12","1300","1486245963918","489","4890.0","1.3003412969283277","0"
"13","1400","1486245964020","463","4630.0","1.342756183745583","0"
"14","1500","1486245964119","396","3960.0","1.3093220338983051","0"
"15","1600","1486245964219","347","3470.0","1.4063926940639269","0"
"16","1700","1486245964320","437","4370.0","1.3880597014925373","0"
"17","1800","1486245964418","401","4010.0","1.423913043478261","0"
"18","1900","1486245964520","408","4080.0","1.3035019455252919","0"
"19","2000","1486245964620","270","2700.0","1.6787564766839378","0"
"20","2100","1486245964724","456","4560.0","1.3973941368078175","0"
"21","2200","1486245964823","449","4490.0","1.2779783393501805","0"
"22","2300","1486245964925","442","4420.0","1.3391003460207613","0"
"23","2400","1486245965023","402","4019.9999999999995","1.605263157894737","0"
"24","2500","1486245965119","262","2620.0","2.037037037037037","0"
"25","2600","1486245965220","416","4160.0","1.4618320610687023","0"
"26","2700","1486245965320","473","4730.0","1.453416149068323","0"
"27","2800","1486245965420","464","4640.0","1.34","0"
"28","2900","1486245965519","545","5450.0","1.229607250755287","0"
"29","3000","1486245965619","537","5370.0","1.201219512195122","0"
"30","3100","1486245965719","523","5230.0","1.180064308681672","0"
"31","3200","1486245965818","445","4450.0","1.4","0"
"32","3300","1486245965918","557","5570.0","1.1836158192090396","0"
"33","3400","1486245966019","476","4760.0","1.4244372990353698","0"
"34","3500","1486245966119","562","5620.0","1.1577380952380953","0"
"35","3600","1486245966219","537","5370.0","1.297872340425532","0"
"36","3700","1486245966320","563","5630.0","1.2039106145251397","0"
"37","3800","1486245966420","525","5250.0","1.306896551724138","0"
"38","3900","1486245966518","570","5700.0","1.2124645892351276","0"
"39","4000","1486245966619","456","4560.0","1.2573529411764706","0"
"40","4100","1486245966719","498","4980.0","1.2061855670103092","0"
"41","4200","1486245966819","491","4910.0","1.1666666666666667","0"
"42","4300","1486245966919","482","4820.0","1.2779552715654952","0"
"43","4400","1486245967020","542","5420.0","1.2257142857142858","0"
"44","4500","1486245967119","514","5140.0","1.2100313479623825","0"
"45","4600","1486245967218","514","5140.0","1.2166666666666666","0"
"46","4700","1486245967318","527","5270.0","1.2826086956521738","0"
"47","4800","1486245967419","541","5410.0","1.2017543859649122","0"
"48","4900","1486245967519","574","5740.0","1.1543026706231454","0"
"49","5000","1486245967618","481","4810.0","1.2678571428571428","0"
"50","5100","1486245967719","537","5370.0","1.2664670658682635","0"
"51","5200","1486245967819","528","5280.0","1.2839506172839505","0"
"52","5300","1486245967919","473","4730.0","1.2307692307692308","0"
"53","5400","1486245968018","519","5190.0","1.3424242424242425","0"
"54","5500","1486245968119","481","4810.0","1.2677966101694915","0"
"55","5600","1486245968219","488","4880.0","1.3397435897435896","0"
"56","5700","1486245968319","573","5730.0","1.2247191011235956","0"
"57","5800","1486245968421","484","4840.0","1.3291139240506329","0"
"58","5900","1486245968519","458","4580.0","1.298932384341637","0"
"59","6000","1486245968618","502","5020.0","1.176271186440678","0"
"60","6100","1486245968718","509","5090.0","1.2984615384615386","0"
"61","6200","1486245968818","506","5060.0","1.293040293040293","0"
"62","6300","1486245968918","524","5240.0","1.1682539682539683","0"
"63","6400","1486245969020","514","5140.0","1.3198653198653199","0"
"64","6500","1486245969119","520","5200.0","1.1742160278745644","0"
"65","6600","1486245969219","481","4810.0","1.2259136212624584","0"
"66","6700","1486245969319","411","4110.0","1.592274678111588","0"
"67","6800","1486245969419","479","4790.0","1.4432624113475176","0"
"68","6900","1486245969520","466","4660.0","1.2779661016949153","0"
"69","7000","1486245969619","609","6090.0","1.228882833787466","0"
"70","7100","1486245969719","568","5680.0","1.182089552238806","0"
"71","7200","1486245969820","561","5610.0","1.161904761904762","0"
"72","7300","1486245969920","532","5320.0","1.221875","0"
"73","7400","1486245970019","510","5100.0","1.2517241379310344","0"
"74","7500","1486245970119","547","5470.0","1.160655737704918","0"
"75","7600","1486245970219","608","6080.0","1.2486187845303867","0"
"76","7700","1486245970319","568","5680.0","1.1761006289308176","0"
"77","7800","1486245970420","517","5170.0","1.180327868852459","0"
"78","7900","1486245970519","539","5390.0","1.2524271844660195","0"
"79","8000","1486245970619","562","5620.0","1.2006079027355623","0"
"80","8100","1486245970717","538","5380.0","1.1891891891891893","0"
"81","8200","1486245970820","492","4920.0","1.1850533807829182","0"
"82","8300","1486245970919","551","5510.0","1.2127659574468086","0"
"83","8400","1486245971019","500","5000.0","1.1891891891891893","0"
"84","8500","1486245971122","573","5730.0","1.1381381381381381","0"
"85","8600","1486245971220","543","5430.0","1.2420749279538905","0"
"86","8700","1486245971319","494","4940.0","1.180921052631579","0"
"87","8800","1486245971418","450","4500.0","1.3849206349206349","0"
"88","8900","1486245971519","490","4900.0","1.29","0"
"89","9000","1486245971618","463","4630.0","1.2333333333333334","0"
"90","9100","1486245971718","480","4800.0","1.2836363636363637","0"
"91","9200","1486245971818","462","4620.0","1.2649253731343284","0"
"92","9300","1486245971919","458","4580.0","1.138996138996139","0"
"93","9400","1486245972018","397","3970.0","1.5517241379310345","0"
"94","9500","1486245972117","525","5250.0","1.195046439628483","0"
"95","9600","1486245972218","473","4730.0","1.2410071942446044","0"
"96","9700","1486245972318","566","5660.0","1.1622418879056047","0"
"97","9800","1486245972418","547","5470.0","1.224755700325733","0"
"98","9900","1486245972518","561","5610.0","1.130030959752322","0"
"99","10000","1486245972619","545","5450.0","1.2787878787878788","0"
"100","10100","1486245972718","582","5820.0","1.1837349397590362","0"
"101","10200","1486245972817","488","4880.0","1.25","0"
"102","10300","1486245972918","564","5640.0","1.188118811881188","0"
"103","10400","1486245973018","507","5070.0","1.174496644295302","0"
"104","10500","1486245973118","602","6020.0","1.167192429022082","0"
"105","10600","1486245973218","587","5870.0","1.14","0"
"106","10700","1486245973318","550","5500.0","1.1464285714285714","0"
"107","10800","1486245973418","479","4790.0","1.368","0"
"108","10900","1486245973518","552","5520.0","1.120274914089347","0"
"109","11000","1486245973618","586","5860.0","1.1789137380191694","0"
"110","11100","1486245973718","577","5770.0","1.15","0"
"111","11200","1486245973818","513","5130.0","1.141304347826087","0"
"112","11300","1486245973918","542","5420.0","1.1993464052287581","0"
"113","11400","1486245974018","511","5110.0","1.2241379310344827","0"
"114","11500","1486245974119","641","6410.0","1.1823056300268096","0"
"115","11600","1486245974217","583","5830.0","1.1234939759036144","0"
"116","11700","1486245974319","640","6400.0","1.1703296703296704","0"
"117","11800","1486245974418","569","5690.0","1.146875","0"
"118","11900","1486245974518","534","5340.0","1.1700680272108843","0"
"119","12000","1486245974618","574","5740.0","1.161512027491409","0"
"120","12100","1486245974718","556","5560.0","1.103225806451613","0"
"121","12200","1486245974818","547","5470.0","1.2294520547945205","0"
"122","12300","1486245974919","530","5300.0","1.1993127147766323","0"
"123","12400","1486245975019","288","2880.0","1.9320388349514563","0"
"124","12500","1486245975118","395","3950.0","1.5775193798449612","0"
"125","12600","1486245975218","380","3800.0","1.9291338582677164","0"
"126","12700","1486245975320","417","4170.0","1.1814159292035398","0"
"127","12800","1486245975420","466","4660.0","1.2490974729241877","0"
"128","12900","1486245975520","546","5460.0","1.1608391608391608","0"
"129","13000","1486245975618","525","5250.0","1.2121212121212122","0"
"130","13100","1486245975718","511","5110.0","1.272108843537415","0"
"131","13200","1486245975818","512","5120.0","1.1638795986622072","0"
"132","13300","1486245975919","590","5900.0","1.2307692307692308","0"
"133","13400","1486245976018","487","4870.0","1.25","0"
"134","13500","1486245976118","473","4730.0","1.2605633802816902","0"
"135","13600","1486245976219","570","5700.0","1.177710843373494","0"
"136","13700","1486245976318","613","6130.0","1.1475903614457832","0"
"137","13800","1486245976418","535","5350.0","1.2708333333333333","0"
"138","13900","1486245976518","586","5860.0","1.1627118644067798","0"
"139","14000","1486245976618","558","5580.0","1.1549295774647887","0"
"140","14100","1486245976718","570","5700.0","1.1852941176470588","0"
"141","14200","1486245976818","549","5490.0","1.1943573667711598","0"
"142","14300","1486245976918","555","5550.0","1.1957186544342508","0"
"143","14400","1486245977019","486","4860.0","1.3277027027027026","0"
"144","14500","1486245977118","581","5810.0","1.2737127371273713","0"
"145","14600","1486245977218","517","5170.0","1.198581560283688","0"
"146","14700","1486245977318","568","5680.0","1.2027027027027026","0"
"147","14800","1486245977418","538","5380.0","1.2484848484848485","0"
"148","14900","1486245977518","544","5440.0","1.1884984025559104","0"
"149","15000","1486245977618","566","5660.0","1.1907894736842106","0"
"150","15100","1486245977718","557","5570.0","1.1555555555555554","0"
"151","15200","1486245977818","593","5930.0","1.146814404432133","0"
"152","15300","1486245977918","505","5050.0","1.1392857142857142","0"
"153","15400","1486245978018","461","4610.0","1.3468013468013469","0"
"154","15500","1486245978118","559","5590.0","1.1890243902439024","0"
"155","15600","1486245978218","507","5070.0","1.2658227848101267","0"
"156","15700","1486245978318","537","5370.0","1.1893687707641196","0"
"157","15800","1486245978418","587","5870.0","1.1887905604719764","0"
"158","15900","1486245978517","620","6200.0","1.1325648414985592","0"
"159","16000","1486245978617","593","5930.0","1.131578947368421","0"
"160","16100","1486245978718","568","5680.0","1.130281690140845","0"
"161","16200","1486245978818","586","5860.0","1.0817610062893082","0"
"162","16300","1486245978918","582","5820.0","1.1306990881458967","0"
"163","16400","1486245979018","529","5290.0","1.2592592592592593","0"
"164","16500","1486245979118","604","6040.0","1.1039755351681957","0"
"165","16600","1486245979217","537","5370.0","1.174917491749175","0"
"166","16700","1486245979317","573","5730.0","1.1590214067278288","0"
"167","16800","1486245979418","575","5750.0","1.2389937106918238","0"
"168","16900","1486245979518","514","5140.0","1.1245421245421245","0"
"169","17000","1486245979618","595","5950.0","1.137313432835821","0"
"170","17100","1486245979718","556","5560.0","1.1486486486486487","0"
"171","17200","1486245979818","582","5820.0","1.190625","0"
"172","17300","1486245979917","602","6020.0","1.205607476635514","0"
"173","17400","1486245980017","465","4650.0","1.392156862745098","0"
"174","17500","1486245980118","487","4870.0","1.0836820083682008","0"
"175","17600","1486245980218","577","5770.0","1.1701492537313434","0"
"176","17700","1486245980318","541","5410.0","1.3037974683544304","0"
"177","17800","1486245980418","607","6070.0","1.2200557103064067","0"
"178","17900","1486245980518","508","5080.0","1.1526717557251909","0"
"179","18000","1486245980617","530","5300.0","1.2100313479623825","0"
"180","18100","1486245980717","623","6230.0","1.0925373134328358","0"
"181","18200","1486245980818","588","5880.0","1.1563421828908556","0"
"182","18300","1486245980918","595","5950.0","1.1339285714285714","0"
"183","18400","1486245981018","576","5760.0","1.1857585139318885","0"
"184","18500","1486245981118","576","5760.0","1.1424050632911393","0"
"185","18600","1486245981218","597","5970.0","1.1531531531531531","0"
"186","18700","1486245981318","503","5030.0","1.2382671480144405","0"
"187","18800","1486245981417","118","1180.0","6.377049180327869","0"
"188","18900","1486245981518","414","4140.0","1.1538461538461537","0"
"189","19000","1486245981618","261","2610.0","4.748466257668712","0"
"190","19100","1486245981718","666","6660.0","1.1561712846347607","0"
"191","19200","1486245981818","568","5680.0","1.174061433447099","0"
"192","19300","1486245981918","608","6080.0","1.1304347826086956","0"
"193","19400","1486245982017","565","5650.0","1.1363636363636365","0"
"194","19500","1486245982117","541","5410.0","1.0918727915194346","0"
"195","19600","1486245982218","575","5750.0","1.2042042042042043","0"
"196","19700","1486245982318","566","5660.0","1.164516129032258","0"
"197","19800","1486245982418","614","6140.0","1.2","0"
"198","19900","1486245982519","594","5940.0","1.128358208955224","0"
"199","20000","1486245982618","553","5530.0","1.2142857142857142","0"
"200","20100","1486245982718","565","5650.0","1.1602564102564104","0"
"201","20200","1486245982818","462","4620.0","1.1452282157676348","0"
"202","20300","1486245982918","591","5910.0","1.1728045325779037","0"
"203","20400","1486245983018","482","4820.0","1.2463768115942029","0"
"204","20500","1486245983118","573","5730.0","1.218562874251497","0"
"205","20600","1486245983218","619","6190.0","1.0766871165644172","0"
"206","20700","1486245983318","628","6280.0","1.103030303030303","0"
"207","20800","1486245983418","617","6170.0","1.0945121951219512","0"
"208","20900","1486245983517","642","6420.0","1.1606648199445984","0"
"209","21000","1486245983618","568","5680.0","1.1258503401360545","0"
"210","21100","1486245983718","545","5450.0","1.1655405405405406","0"
"211","21200","1486245983818","575","5750.0","1.1671732522796352","0"
"212","21300","1486245983918","616","6160.0","1.1568047337278107","0"
"213","21400","1486245984018","531","5310.0","1.1666666666666667","0"
"214","21500","1486245984118","583","5830.0","1.1661442006269593","0"
"215","21600","1486245984217","545","5450.0","1.1538461538461537","0"
"216","21700","1486245984318","540","5400.0","1.1309090909090909","0"
"217","21800","1486245984418","616","6160.0","1.0982142857142858","0"
"218","21900","1486245984518","566","5660.0","1.1402877697841727","0"
"219","22000","1486245984618","565","5650.0","1.123076923076923","0"
"220","22100","1486245984718","595","5950.0","1.3253012048192772","0"
"221","22200","1486245984818","591","5910.0","1.128930817610063","0"
"222","22300","1486245984917","546","5460.0","1.0789473684210527","0"
"223","22400","1486245985017","537","5370.0","1.1511254019292605","0"
"224","22500","1486245985118","589","5890.0","1.1388888888888888","0"
"225","22600","1486245985218","598","5980.0","1.1337386018237081","0"
"226","22700","1486245985318","621","6210.0","1.1893333333333334","0"
"227","22800","1486245985418","649","6490.0","1.1978319783197833","0"
"228","22900","1486245985518","567","5670.0","1.1719745222929936","0"
"229","23000","1486245985617","640","6400.0","1.2281167108753315","0"
"230","23100","1486245985718","559","5590.0","1.1476510067114094","0"
"231","23200","1486245985818","605","6050.0","1.1713395638629283","0"
"232","23300","1486245985918","554","5540.0","1.183453237410072","0"
"233","23400","1486245986018","634","6340.0","1.202247191011236","0"
"234","23500","1486245986118","604","6040.0","1.0833333333333333","0"
"235","23600","1486245986218","534","5340.0","1.2546125461254614","0"
"236","23700","1486245986317","488","4880.0","1.0923076923076922","0"
"237","23800","1486245986417","538","5380.0","1.4053156146179402","0"
"238","23900","1486245986518","574","5740.0","1.151702786377709","0"
"239","24000","1486245986618","596","5960.0","1.1428571428571428","0"
"240","24100","1486245986718","569","5690.0","1.2375366568914956","0"
"241","24200","1486245986818","608","6080.0","1.158878504672897","0"
"242","24300","1486245986921","641","6410.0","1.0926430517711172","0"
"243","24400","1486245987019","488","4880.0","1.2175438596491228","0"
"244","24500","1486245987118","544","5440.0","1.1464968152866242","0"
"245","24600","1486245987217","584","5840.0","1.1400651465798046","0"
"246","24700","1486245987318","537","5370.0","1.120754716981132","0"
"247","24800","1486245987418","647","6470.0","1.1837837837837837","0"
"248","24900","1486245987518","612","6120.0","1.181556195965418","0"
"249","25000","1486245987618","577","5770.0","1.135693215339233","0"
"250","25100","1486245987718","517","5170.0","1.169172932330827","0"
"251","25200","1486245987818","519","5190.0","1.1993127147766323","0"
"252","25300","1486245987917","606","6060.0","1.0977198697068404","0"
"253","25400","1486245988018","501","5010.0","1.1869918699186992","0"
"254","25500","1486245988118","569","5690.0","1.1645569620253164","0"
"255","25600","1486245988218","624","6240.0","1.1482649842271293","0"
"256","25700","1486245988318","540","5400.0","1.127659574468085","0"
"257","25800","1486245988418","577","5770.0","1.1740412979351031","0"
"258","25900","1486245988517","532","5320.0","1.3664383561643836","0"
"259","26000","1486245988617","592","5920.0","1.1362126245847175","0"
"260","26100","1486245988720","596","5960.0","1.0888157894736843","0"
"261","26200","1486245988818","599","5990.0","1.2108433734939759","0"
"262","26300","1486245988918","580","5800.0","1.1143790849673203","0"
"263","26400","1486245989018","501","5010.0","1.1881533101045296","0"
"264","26500","1486245989118","597","5970.0","1.1232394366197183","0"
"265","26600","1486245989218","588","5880.0","1.1400651465798046","0"
"266","26700","1486245989317","580","5800.0","1.1086261980830672","0"
"267","26800","1486245989417","502","5020.0","1.193220338983051","0"
"268","26900","1486245989518","639","6390.0","1.1016949152542372","0"
"269","27000","1486245989618","650","6500.0","1.1101449275362318","0"
"270","27100","1486245989718","629","6290.0","1.1090909090909091","0"
"271","27200","1486245989818","600","6000.0","1.1077441077441077","0"
"272","27300","1486245989918","629","6290.0","1.158640226628895","0"
"273","27400","1486245990017","669","6690.0","1.1638418079096045","0"
"274","27500","1486245990117","594","5940.0","1.1168384879725086","0"
"275","27600","1486245990218","543","5430.0","1.2105263157894737","0"
"276","27700","1486245990318","561","5610.0","1.1815181518151816","0"
"277","27800","1486245990418","632","6320.0","1.1637931034482758","0"
"278","27900","1486245990518","643","6430.0","1.1528150134048258","0"
"279","28000","1486245990618","563","5630.0","1.220064724919094","0"
"280","28100","1486245990717","621","6210.0","1.1204819277108433","0"
"281","28200","1486245990817","627","6270.0","1.0875","0"
"282","28300","1486245990918","587","5870.0","1.1920529801324504","0"
"283","28400","1486245991018","482","4820.0","1.3784722222222223","0"
"284","28500","1486245991118","575","5750.0","1.135646687697161","0"
"285","28600","1486245991218","588","5880.0","1.1736334405144695","0"
"286","28700","1486245991318","635","6350.0","1.1515957446808511","0"
"287","28800","1486245991418","566","5660.0","1.128930817610063","0"
"288","28900","1486245991517","529","5290.0","1.180887372013652","0"
"289","29000","1486245991618","599","5990.0","1.2573099415204678","0"
"290","29100","1486245991718","636","6360.0","1.1272727272727272","0"
"291","29200","1486245991818","479","4790.0","1.3433333333333333","0"
"292","29300","1486245991918","422","4220.0","1.329268292682927","0"
"293","29400","1486245992019","401","4010.0","1.5643939393939394","0"
"294","29500","1486245992118","461","4610.0","1.400709219858156","0"
"295","29600","1486245992218","566","5660.0","1.19533527696793","0"
"296","29700","1486245992317","568","5680.0","1.1772575250836121","0"
"297","29800","1486245992418","589","5890.0","1.1483870967741936","0"
"298","29900","1486245992518","626","6260.0","1.1926605504587156","0"
"299","30000","1486245992618","610","6100.0","1.1636904761904763","0"
"300","30100","1486245992718","515","5150.0","1.4097744360902256","0"
"301","30200","1486245992819","510","5100.0","1.6321428571428571","0"
"302","30300","1486245992917","559","5590.0","1.1496598639455782","0"
"303","30400","1486245993018","568","5680.0","1.0984126984126985","0"
"304","30500","1486245993118","587","5870.0","1.1323076923076922","0"
"305","30600","1486245993218","551","5510.0","1.152542372881356","0"
"306","30700","1486245993318","611","6110.0","1.148876404494382","0"
"307","30800","1486245993418","605","6050.0","1.1615598885793872","0"
"308","30900","1486245993518","531","5310.0","1.1672597864768683","0"
"309","31000","1486245993617","590","5900.0","1.1815286624203822","0"
"310","31100","1486245993718","626","6260.0","1.1178247734138973","0"
"311","31200","1486245993818","572","5720.0","1.1703470031545742","0"
"312","31300","1486245993918","577","5770.0","1.1223241590214068","0"
"313","31400","1486245994018","560","5600.0","1.1311475409836065","0"
"314","31500","1486245994118","563","5630.0","1.1044303797468353","0"
"315","31600","1486245994217","590","5900.0","1.175","0"
"316","31700","1486245994318","590","5900.0","1.221556886227545","0"
"317","31800","1486245994418","603","6030.0","1.2318840579710144","0"
"318","31900","1486245994518","600","6000.0","1.1178343949044587","0"
"319","32000","1486245994618","617","6170.0","1.1203703703703705","0"
"320","32100","1486245994718","557","5570.0","1.1587837837837838","0"
"321","32200","1486245994818","578","5780.0","1.1503067484662577","0"
"322","32300","1486245994917","574","5740.0","1.1388888888888888","0"
"323","32400","1486245995017","575","5750.0","1.202416918429003","0"
"324","32500","1486245995118","549","5490.0","1.2607361963190185","0"
"325","32600","1486245995218","592","5920.0","1.127388535031847","0"
"326","32700","1486245995318","664","6640.0","1.2322404371584699","0"
"327","32800","1486245995418","649","6490.0","1.151603498542274","0"
"328","32900","1486245995519","591","5910.0","1.198813056379822","0"
"329","33000","1486245995617","607","6070.0","1.163141993957704","0"
"330","33100","1486245995718","555","5550.0","1.1340996168582376","0"
"331","33200","1486245995818","617","6170.0","1.2314049586776858","0"
"332","33300","1486245995918","593","5930.0","1.1396103896103895","0"
"333","33400","1486245996018","660","6600.0","1.1424581005586592","0"
"334","33500","1486245996118","607","6070.0","1.1360759493670887","0"
"335","33600","1486245996219","581","5810.0","1.1081081081081081","0"
"336","33700","1486245996318","571","5710.0","1.1912225705329154","0"
"337","33800","1486245996417","629","6290.0","1.1101190476190477","0"
"338","33900","1486245996518","592","5920.0","1.1483870967741936","0"
"339","34000","1486245996618","616","6160.0","1.1754874651810585","0"
"340","34100","1486245996718","546","5460.0","1.1220338983050848","0"
"341","34200","1486245996818","569","5690.0","1.1533101045296168","0"
"342","34300","1486245996918","587","5870.0","1.2","0"
"343","34400","1486245997017","567","5670.0","1.127946127946128","0"
"344","34500","1486245997117","653","6530.0","1.1497175141242937","0"
"345","34600","1486245997217","575","5750.0","1.1134751773049645","0"
"346","34700","1486245997318","636","6360.0","1.182089552238806","0"
"347","34800","1486245997418","559","5590.0","1.2059701492537314","0"
"348","34900","1486245997518","596","5960.0","1.115264797507788","0"
"349","35000","1486245997618","646","6460.0","1.127906976744186","0"
"350","35100","1486245997718","593","5930.0","1.0895522388059702","0"
"351","35200","1486245997817","523","5230.0","1.2124542124542124","0"
"352","35300","1486245997918","525","5250.0","1.1894736842105262","0"
"353","35400","1486245998018","498","4980.0","1.3866666666666667","0"
"354","35500","1486245998118","590","5900.0","1.1820987654320987","0"
"355","35600","1486245998218","564","5640.0","1.1898734177215189","0"
"356","35700","1486245998318","570","5700.0","1.2753164556962024","0"
"357","35800","1486245998418","573","5730.0","1.1097560975609757","0"
"358","35900","1486245998517","584","5840.0","1.1590214067278288","0"
"359","36000","1486245998618","576","5760.0","1.1254237288135593","0"
"360","36100","1486245998718","655","6550.0","1.1292134831460674","0"
"361","36200","1486245998818","579","5790.0","1.2006688963210703","0"
"362","36300","1486245998918","613","6130.0","1.1433333333333333","0"
"363","36400","1486245999018","609","6090.0","1.153623188405797","0"
"364","36500","1486245999118","602","6020.0","1.1432835820895522","0"
"365","36600","1486245999217","599","5990.0","1.2262996941896025","0"
"366","36700","1486245999318","659","6590.0","1.1590296495956873","0"
"367","36800","1486245999417","609","6090.0","1.186046511627907","0"
"368","36900","1486245999518","621","6210.0","1.110062893081761","0"
"369","37000","1486245999618","581","5810.0","1.2123287671232876","0"
"370","37100","1486245999718","535","5350.0","1.3111111111111111","0"
"371","37200","1486245999818","570","5700.0","1.0825396825396825","0"
"372","37300","1486245999918","650","6500.0","1.117117117117117","0"
"373","37400","1486246000018","573","5730.0","1.195945945945946","0"
"374","37500","1486246000118","596","5960.0","1.1419558359621451","0"
"375","37600","1486246000218","579","5790.0","1.1295681063122924","0"
"376","37700","1486246000321","560","5600.0","1.2","0"
"377","37800","1486246000418","580","5800.0","1.1774193548387097","0"
"378","37900","1486246000518","564","5640.0","1.1320754716981132","0"
"379","38000","1486246000618","628","6280.0","1.1464788732394366","0"
"380","38100","1486246000717","555","5550.0","1.1428571428571428","0"
"381","38200","1486246000818","593","5930.0","1.15527950310559","0"
"382","38300","1486246000918","558","5580.0","1.2269503546099292","0"
"383","38400","1486246001018","577","5770.0","1.1968253968253968","0"
"384","38500","1486246001118","560","5600.0","1.169811320754717","0"
"385","38600","1486246001218","575","5750.0","1.1602787456445993","0"
"386","38700","1486246001318","583","5830.0","1.196013289036545","0"
"387","38800","1486246001418","540","5400.0","1.0964285714285715","0"
"388","38900","1486246001518","617","6170.0","1.1610942249240122","0"
"389","39000","1486246001618","586","5860.0","1.0996563573883162","0"
"390","39100","1486246001718","643","6430.0","1.1387096774193548","0"
"391","39200","1486246001818","648","6480.0","1.1440677966101696","0"
"392","39300","1486246001918","638","6380.0","1.1216617210682494","0"
"393","39400","1486246002018","571","5710.0","1.2588996763754046","0"
"394","39500","1486246002117","619","6190.0","1.147147147147147","0"
"395","39600","1486246002218","556","5560.0","1.232","0"
"396","39700","1486246002318","617","6170.0","1.2300613496932515","0"
"397","39800","1486246002418","623","6230.0","1.1951219512195121","0"
"398","39900","1486246002518","615","6150.0","1.1125","0"
"399","40000","1486246002618","603","6030.0","1.1640866873065014","0"
"400","40100","1486246002718","589","5890.0","1.196875","0"
"401","40200","1486246002817","640","6400.0","1.1838440111420614","0"
"402","40300","1486246002917","592","5920.0","1.1578947368421053","0"
"403","40400","1486246003017","640","6400.0","1.2027027027027026","0"
"404","40500","1486246003118","578","5780.0","1.2115384615384615","0"
"405","40600","1486246003218","546","5460.0","1.0909090909090908","0"
"406","40700","1486246003318","634","6340.0","1.1162079510703364","0"
"407","40800","1486246003418","643","6430.0","1.237597911227154","0"
"408","40900","1486246003518","552","5520.0","1.1868512110726643","0"
"409","41000","1486246003617","508","5080.0","1.1774891774891776","0"
"410","41100","1486246003718","565","5650.0","1.0964285714285715","0"
"411","41200","1486246003818","639","6390.0","1.1229508196721312","0"
"412","41300","1486246003918","615","6150.0","1.1555555555555554","0"
"413","41400","1486246004018","504","5040.0","1.3780918727915195","0"
"414","41500","1486246004118","615","6150.0","1.1521739130434783","0"
"415","41600","1486246004218","624","6240.0","1.2470588235294118","0"
"416","41700","1486246004317","571","5710.0","1.1330935251798562","0"
"417","41800","1486246004418","598","5980.0","1.2006079027355623","0"
"418","41900","1486246004518","534","5340.0","1.2466666666666666","0"
"419","42000","1486246004618","595","5950.0","1.178343949044586","0"
"420","42100","1486246004718","617","6170.0","1.1395348837209303","0"
"421","42200","1486246004818","603","6030.0","1.155015197568389","0"
"422","42300","1486246004918","617","6170.0","1.1275862068965516","0"
"423","42400","1486246005018","486","4860.0","1.1771653543307086","0"
"424","42500","1486246005117","628","6280.0","1.1171428571428572","0"
"425","42600","1486246005218","529","5290.0","1.2238267148014441","0"
"426","42700","1486246005318","586","5860.0","1.1812865497076024","0"
"427","42800","1486246005418","588","5880.0","1.1143790849673203","0"
"428","42900","1486246005518","648","6480.0","1.1656626506024097","0"
"429","43000","1486246005618","670","6700.0","1.1869918699186992","0"
"430","43100","1486246005717","594","5940.0","1.1590909090909092","0"
"431","43200","1486246005817","538","5380.0","1.1602787456445993","0"
"432","43300","1486246005917","549","5490.0","1.1587837837837838","0"
"433","43400","1486246006018","603","6030.0","1.183431952662722","0"
"434","43500","1486246006118","607","6070.0","1.167741935483871","0"
"435","43600","1486246006218","573","5730.0","1.1339563862928348","0"
"436","43700","1486246006318","585","5850.0","1.1241610738255035","0"
"437","43800","1486246006417","600","6000.0","1.1324503311258278","0"
"438","43900","1486246006517","587","5870.0","1.112540192926045","0"
"439","44000","1486246006618","655","6550.0","1.1570512820512822","0"
"440","44100","1486246006718","540","5400.0","1.123931623931624","0"
"441","44200","1486246006818","561","5610.0","1.1096345514950166","0"
"442","44300","1486246006918","638","6380.0","1.2354651162790697","0"
"443","44400","1486246007018","592","5920.0","1.1525974025974026","0"
"444","44500","1486246007118","571","5710.0","1.1360759493670887","0"
"445","44600","1486246007217","602","6020.0","1.207492795389049","0"
"446","44700","1486246007317","611","6110.0","1.1490683229813665","0"
"447","44800","1486246007418","583","5830.0","1.2507936507936508","0"
"448","44900","1486246007518","655","6550.0","1.1260504201680672","0"
"449","45000","1486246007618","586","5860.0","1.143312101910828","0"
"450","45100","1486246007718","642","6420.0","1.1368421052631579","0"
"451","45200","1486246007818","552","5520.0","1.2566666666666666","0"
"452","45300","1486246007917","549","5490.0","1.157377049180328","0"
"453","45400","1486246008017","483","4830.0","1.3319672131147542","0"
"454","45500","1486246008118","598","5980.0","1.1198738170347002","0"
"455","45600","1486246008218","562","5620.0","1.177914110429448","0"
"456","45700","1486246008318","618","6180.0","1.1006493506493507","0"
"457","45800","1486246008418","577","5770.0","1.191740412979351","0"
"458","45900","1486246008518","619","6190.0","1.1487341772151898","0"
"459","46000","1486246008617","650","6500.0","1.1700288184438041","0"
"460","46100","1486246008717","505","5050.0","1.160919540229885","0"
"461","46200","1486246008818","619","6190.0","1.0784313725490196","0"
"462","46300","1486246008918","586","5860.0","1.1681957186544343","0"
"463","46400","1486246009018","521","5210.0","1.2653061224489797","0"
"464","46500","1486246009118","588","5880.0","1.1225806451612903","0"
"465","46600","1486246009218","612","6120.0","1.1407185628742516","0"
"466","46700","1486246009318","605","6050.0","1.1971830985915493","0"
"467","46800","1486246009417","582","5820.0","1.119298245614035","0"
"468","46900","1486246009517","593","5930.0","1.1342281879194631","0"
"469","47000","1486246009618","654","6540.0","1.1329639889196677","0"
"470","47100","1486246009718","626","6260.0","1.1529051987767585","0"
"471","47200","1486246009818","561","5610.0","1.1393728222996515","0"
"472","47300","1486246009918","558","5580.0","1.1189024390243902","0"
"473","47400","1486246010018","624","6240.0","1.1205882352941177","0"
"474","47500","1486246010117","573","5730.0","1.2","0"
"475","47600","1486246010218","537","5370.0","1.2092198581560283","0"
"476","47700","1486246010318","635","6350.0","1.1011904761904763","0"
"477","47800","1486246010418","566","5660.0","1.1725352112676057","0"
"478","47900","1486246010518","602","6020.0","1.0890410958904109","0"
"479","48000","1486246010618","619","6190.0","1.1055900621118013","0"
"480","48100","1486246010717","592","5920.0","1.1185410334346504","0"
"481","48200","1486246010817","585","5850.0","1.15","0"
"482","48300","1486246010918","548","5480.0","1.1625441696113075","0"
"483","48400","1486246011018","611","6110.0","1.1561561561561562","0"
"484","48500","1486246011118","600","6000.0","1.116564417177914","0"
"485","48600","1486246011218","593","5930.0","1.173913043478261","0"
"486","48700","1486246011318","547","5470.0","1.319078947368421","0"
"487","48800","1486246011418","545","5450.0","1.181184668989547","0"
"488","48900","1486246011517","561","5610.0","1.143939393939394","0"
"489","49000","1486246011617","553","5530.0","1.230508474576271","0"
"490","49100","1486246011718","533","5330.0","1.0866425992779782","0"
"491","49200","1486246011818","553","5530.0","1.1986301369863013","0"
"492","49300","1486246011918","647","6470.0","1.1657458563535912","0"
"493","49400","1486246012018","487","4870.0","1.2783882783882783","0"
"494","49500","1486246012118","608","6080.0","1.2212121212121212","0"
"495","49600","1486246012218","543","5430.0","1.24496644295302","0"
"496","49700","1486246012317","579","5790.0","1.219020172910663","0"
"497","49800","1486246012418","576","5760.0","1.1441717791411044","0"
"498","49900","1486246012518","696","6960.0","1.177325581395349","0"
"499","50000","1486246012619","605","6050.0","1.1803797468354431","0"
"500","50100","1486246012718","558","5580.0","1.13","0"
"501","50200","1486246012818","566","5660.0","1.174496644295302","0"
"502","50300","1486246012917","614","6140.0","1.139751552795031","0"
"503","50400","1486246013018","522","5220.0","1.25","0"
"504","50500","1486246013117","588","5880.0","1.2094395280235988","0"
"505","50600","1486246013218","502","5020.0","1.1580882352941178","0"
"506","50700","1486246013318","617","6170.0","1.1793313069908815","0"
"507","50800","1486246013418","573","5730.0","1.2833333333333334","0"
"508","50900","1486246013518","613","6130.0","1.1337047353760445","0"
"509","51000","1486246013617","587","5870.0","1.1920731707317074","0"
"510","51100","1486246013717","584","5840.0","1.1876923076923076","0"
"511","51200","1486246013817","447","4470.0","1.6666666666666667","0"
"512","51300","1486246013918","594","5940.0","1.1757575757575758","0"
"513","51400","1486246014018","489","4890.0","1.2296296296296296","0"
"514","51500","1486246014118","583","5830.0","1.183381088825215","0"
"515","51600","1486246014218","557","5570.0","1.1849315068493151","0"
"516","51700","1486246014317","576","5760.0","1.2140672782874617","0"
"517","51800","1486246014417","601","6010.0","1.202156334231806","0"
"518","51900","1486246014517","514","5140.0","1.1986301369863013","0"
"519","52000","1486246014618","544","5440.0","1.3881987577639752","0"
"520","52100","1486246014718","567","5670.0","1.2666666666666666","0"
"521","52200","1486246014819","504","5040.0","1.27","0"
"522","52300","1486246014917","543","5430.0","1.1693290734824282","0"
"523","52400","1486246015017","521","5210.0","1.3184713375796178","0"
"524","52500","1486246015118","517","5170.0","1.1986754966887416","0"
"525","52600","1486246015218","559","5590.0","1.2026578073089702","0"
"526","52700","1486246015318","517","5170.0","1.3701067615658362","0"
"527","52800","1486246015418","584","5840.0","1.135693215339233","0"
"528","52900","1486246015520","533","5330.0","1.3453947368421053","0"
"529","53000","1486246015618","560","5600.0","1.2305194805194806","0"
"530","53100","1486246015717","561","5610.0","1.1833910034602075","0"
"531","53200","1486246015818","553","5530.0","1.2761627906976745","0"
"532","53300","1486246015917","534","5340.0","1.5125448028673836","0"
"533","53400","1486246016018","558","5580.0","1.1634615384615385","0"
"534","53500","1486246016118","544","5440.0","1.194078947368421","0"
"535","53600","1486246016218","561","5610.0","1.273972602739726","0"
"536","53700","1486246016318","592","5920.0","1.1597222222222223","0"
"537","53800","1486246016417","551","5510.0","1.1630434782608696","0"
"538","53900","1486246016517","596","5960.0","1.1543859649122807","0"
"539","54000","1486246016618","539","5390.0","1.2112211221122111","0"
"540","54100","1486246016718","555","5550.0","1.1778523489932886","0"
"541","54200","1486246016818","537","5370.0","1.1910112359550562","0"
"542","54300","1486246016918","553","5530.0","1.099630996309963","0"
"543","54400","1486246017017","583","5830.0","1.3058419243986255","0"
"544","54500","1486246017117","620","6200.0","1.165016501650165","0"
"545","54600","1486246017217","540","5400.0","1.32404181184669","0"
"546","54700","1486246017317","585","5850.0","1.1746031746031746","0"
"547","54800","1486246017418","570","5700.0","1.1645962732919255","0"
"548","54900","1486246017518","559","5590.0","1.1444444444444444","0"
"549","55000","1486246017618","606","6060.0","1.10625","0"
"550","55100","1486246017718","590","5900.0","1.160535117056856","0"
"551","55200","1486246017817","637","6370.0","1.2063037249283668","0"
"552","55300","1486246017918","639","6390.0","1.1488095238095237","0"
"553","55400","1486246018018","549","5490.0","1.3012820512820513","0"
"554","55500","1486246018118","614","6140.0","1.1132075471698113","0"
"555","55600","1486246018218","608","6080.0","1.16403785488959","0"
"556","55700","1486246018318","596","5960.0","1.2082018927444795","0"
"557","55800","1486246018418","603","6030.0","1.2160493827160495","0"
"558","55900","1486246018517","591","5910.0","1.1927710843373494","0"
"559","56000","1486246018617","598","5980.0","1.2","0"
"560","56100","1486246018718","561","5610.0","1.1465201465201464","0"
"561","56200","1486246018818","495","4950.0","1.3453815261044177","0"
"562","56300","1486246018918","669","6690.0","1.1697127937336815","0"
"563","56400","1486246019018","535","5350.0","1.2084805653710247","0"
"564","56500","1486246019120","564","5640.0","1.2473498233215548","0"
"565","56600","1486246019218","588","5880.0","1.1283783783783783","0"
"566","56700","1486246019318","611","6110.0","1.125","0"
"567","56800","1486246019417","531","5310.0","1.2752613240418118","0"
"568","56900","1486246019518","637","6370.0","1.1260997067448681","0"
"569","57000","1486246019618","598","5980.0","1.1577287066246056","0"
"570","57100","1486246019718","597","5970.0","1.1785714285714286","0"
"571","57200","1486246019818","610","6100.0","1.1194029850746268","0"
"572","57300","1486246019918","548","5480.0","1.2673611111111112","0"
"573","57400","1486246020017","553","5530.0","1.1554054054054055","0"
"574","57500","1486246020118","523","5230.0","1.3715277777777777","0"
"575","57600","1486246020218","495","4950.0","1.2736842105263158","0"
"576","57700","1486246020318","655","6550.0","1.133879781420765","0"
"577","57800","1486246020418","610","6100.0","1.1168091168091168","0"
"578","57900","1486246020518","597","5970.0","1.179245283018868","0"
"579","58000","1486246020618","609","6090.0","1.12","0"
"580","58100","1486246020717","565","5650.0","1.1518151815181519","0"
"581","58200","1486246020817","552","5520.0","1.1696750902527075","0"
"582","58300","1486246020917","631","6310.0","1.1708683473389356","0"
"583","58400","1486246021018","584","5840.0","1.2790697674418605","0"
"584","58500","1486246021118","634","6340.0","1.125340599455041","0"
"585","58600","1486246021218","532","5320.0","1.1392857142857142","0"
"586","58700","1486246021318","557","5570.0","1.1176470588235294","0"
"587","58800","1486246021418","593","5930.0","1.2664473684210527","0"
"588","58900","1486246021517","601","6010.0","1.161993769470405","0"
"589","59000","1486246021617","554","5540.0","1.3974763406940063","0"
"590","59100","1486246021718","612","6120.0","1.1221864951768488","0"
"591","59200","1486246021818","539","5390.0","1.2516778523489933","0"
"592","59300","1486246021918","640","6400.0","1.1671469740634006","0"
"593","59400","1486246022018","550","5500.0","1.2554517133956387","0"
"594","59500","1486246022118","660","6600.0","1.1011904761904763","0"
"595","59600","1486246022217","556","5560.0","1.1398601398601398","0"
"596","59700","1486246022317","600","6000.0","1.1691394658753709","0"
"597","59800","1486246022418","622","6220.0","1.393162393162393","0"
"598","59900","1486246022517","583","5830.0","1.1337792642140467","0"
"599","60000","1486246022620","621","6210.0","1.1246376811594203","0"
