"INTERVAL","ELAPSED","TIMESTAMP","RSS","JAVA_USED","JAVA_UNUSED","TUPLE_COUNT","TUPLE_ALLOCATED_MEMORY","TUPLE_DATA_MEMORY","INDEX_MEMORY","STRING_MEMORY","POOLED_MEMORY","ANTICACHE_TUPLES_EVICTED","ANTICACHE_BLOCKS_EVICTED","ANTICACHE_BYTES_EVICTED","ANTICACHE_TUPLES_WRITTEN","ANTICACHE_BLOCKS_WRITTEN","ANTICACHE_BYTES_WRITTEN","ANTICACHE_TUPLES_READ","ANTICACHE_BLOCKS_READ","ANTICACHE_BYTES_READ"
"0","152","1486245962774","1544456","490171","213059","1197576","180224","154753","0","40112","0","0","0","0","0","0","0","0","0","0"
"2","332","1486245962952","1544456","490171","213059","1367912","192512","166923","0","40135","0","0","0","0","0","0","0","0","0","0"
"4","520","1486245963140","1558976","489248","214750","1372386","192512","167243","0","40135","0","0","0","0","0","0","0","0","0","0"
"6","723","1486245963342","1558976","489248","214750","1377597","196608","167613","0","40136","0","0","0","0","0","0","0","0","0","0"
"8","925","1486245963545","1558976","489248","214750","1381840","196608","167918","0","40137","0","0","0","0","0","0","0","0","0","0"
"10","1127","1486245963748","1558976","489248","214750","1385976","196608","168213","0","40137","0","0","0","0","0","0","0","0","0","0"
"12","1317","1486245963935","1558976","489248","214750","1391363","196608","168599","0","40138","0","0","0","0","0","0","0","0","0","0"
"14","1521","1486245964140","1558976","489248","214750","1396024","196608","168935","0","40139","0","0","0","0","0","0","0","0","0","0"
"16","1718","1486245964338","1558976","489248","214750","1400426","196608","169253","0","40140","0","0","0","0","0","0","0","0","0","0"
"18","1927","1486245964547","1558976","489248","214750","1404966","196608","169576","0","40140","0","0","0","0","0","0","0","0","0","0"
"20","2117","1486245964741","1558976","489248","214750","1409498","196608","169899","0","40141","0","0","0","0","0","0","0","0","0","0"
"22","2311","1486245964936","1558976","489248","214750","1413452","196608","170180","0","40141","0","0","0","0","0","0","0","0","0","0"
"24","2515","1486245965134","1580068","379244","325650","1418539","196608","170549","0","40142","0","0","0","0","0","0","0","0","0","0"
"26","2714","1486245965334","1580068","379244","325650","1422304","196608","170815","0","40143","0","0","0","0","0","0","0","0","0","0"
"28","2914","1486245965533","1580068","379244","325650","1427311","196608","171170","0","40143","0","0","0","0","0","0","0","0","0","0"
"30","3119","1486245965738","1580068","379244","325650","1433264","196608","171597","0","40144","0","0","0","0","0","0","0","0","0","0"
"32","3314","1486245965932","1580068","379244","325650","1439484","198656","172038","0","40145","0","0","0","0","0","0","0","0","0","0"
"34","3514","1486245966133","1580068","379244","325650","1445109","200704","172443","0","40145","0","0","0","0","0","0","0","0","0","0"
"36","3712","1486245966332","1580068","379244","325650","1451104","200704","172865","0","40146","0","0","0","0","0","0","0","0","0","0"
"38","3919","1486245966537","1580068","379244","325650","1457098","200704","173292","0","40147","0","0","0","0","0","0","0","0","0","0"
"40","4113","1486245966732","1580068","379244","325650","1463087","200704","173721","0","40147","0","0","0","0","0","0","0","0","0","0"
"42","4313","1486245966932","1580068","379244","325650","1468579","200704","174112","0","40148","0","0","0","0","0","0","0","0","0","0"
"44","4517","1486245967136","1580068","379244","325650","1474087","200704","174508","0","40149","0","0","0","0","0","0","0","0","0","0"
"46","4714","1486245967332","1580068","379244","325650","1479965","200704","174934","0","40149","0","0","0","0","0","0","0","0","0","0"
"48","4916","1486245967535","1580068","379244","325650","1485387","200704","175321","0","40151","0","0","0","0","0","0","0","0","0","0"
"50","5115","1486245967734","1580068","379244","325650","1491604","200704","175769","0","40151","0","0","0","0","0","0","0","0","0","0"
"52","5314","1486245967933","1580068","379244","325650","1497418","200704","176185","0","40152","0","0","0","0","0","0","0","0","0","0"
"54","5516","1486245968135","1575384","260971","444243","1503094","200704","176595","0","40153","0","0","0","0","0","0","0","0","0","0"
"56","5712","1486245968331","1575384","260971","444243","1509173","204800","177024","0","40153","0","0","0","0","0","0","0","0","0","0"
"58","5913","1486245968532","1575384","260971","444243","1515266","204800","177463","0","40153","0","0","0","0","0","0","0","0","0","0"
"60","6113","1486245968731","1575384","260971","444243","1520477","204800","177832","0","40155","0","0","0","0","0","0","0","0","0","0"
"62","6313","1486245968931","1575384","260971","444243","1526202","204800","178241","0","40155","0","0","0","0","0","0","0","0","0","0"
"64","6513","1486245969132","1575384","260971","444243","1532127","204800","178661","0","40155","0","0","0","0","0","0","0","0","0","0"
"66","6715","1486245969334","1575384","260971","444243","1537834","204800","179069","0","40157","0","0","0","0","0","0","0","0","0","0"
"68","6913","1486245969533","1575384","260971","444243","1543070","204800","179445","0","40157","0","0","0","0","0","0","0","0","0","0"
"70","7114","1486245969733","1575384","260971","444243","1548594","204800","179844","0","40157","0","0","0","0","0","0","0","0","0","0"
"72","7311","1486245969931","1575384","260971","444243","1555490","204800","180332","0","40159","0","0","0","0","0","0","0","0","0","0"
"74","7512","1486245970131","1581460","357349","347993","1561127","204800","180738","0","40159","0","0","0","0","0","0","0","0","0","0"
"76","7713","1486245970332","1581460","357349","347993","1567095","204800","181164","0","40161","0","0","0","0","0","0","0","0","0","0"
"78","7913","1486245970532","1581460","357349","347993","1573599","208896","181626","0","40161","0","0","0","0","0","0","0","0","0","0"
"80","8115","1486245970732","1581460","357349","347993","1579984","208896","182083","0","40161","0","0","0","0","0","0","0","0","0","0"
"82","8316","1486245970935","1581460","357349","347993","1585798","208896","182500","0","40163","0","0","0","0","0","0","0","0","0","0"
"84","8513","1486245971135","1581460","357349","347993","1591916","208896","182944","0","40163","0","0","0","0","0","0","0","0","0","0"
"86","8717","1486245971336","1581460","357349","347993","1597478","208896","183348","0","40164","0","0","0","0","0","0","0","0","0","0"
"88","8914","1486245971533","1581460","357349","347993","1602877","208896","183731","0","40165","0","0","0","0","0","0","0","0","0","0"
"90","9119","1486245971737","1581460","357349","347993","1608025","208896","184102","0","40165","0","0","0","0","0","0","0","0","0","0"
"92","9313","1486245971932","1581460","357349","347993","1613681","208896","184504","0","40166","0","0","0","0","0","0","0","0","0","0"
"94","9516","1486245972133","1581460","357349","347993","1618747","208896","184866","0","40166","0","0","0","0","0","0","0","0","0","0"
"96","9715","1486245972333","1581460","357349","347993","1623830","208896","185230","0","40167","0","0","0","0","0","0","0","0","0","0"
"98","9915","1486245972533","1581460","357349","347993","1629512","208896","185641","0","40168","0","0","0","0","0","0","0","0","0","0"
"100","10120","1486245972738","1581460","357349","347993","1636032","212992","186107","0","40168","0","0","0","0","0","0","0","0","0","0"
"102","10315","1486245972933","1581460","357349","347993","1642611","212992","186579","0","40169","0","0","0","0","0","0","0","0","0","0"
"104","10516","1486245973134","1602316","409691","295971","1648419","212992","186996","0","40170","0","0","0","0","0","0","0","0","0","0"
"106","10715","1486245973333","1602316","409691","295971","1654685","212992","187448","0","40170","0","0","0","0","0","0","0","0","0","0"
"108","10915","1486245973533","1602316","409691","295971","1660832","212992","187886","0","40171","0","0","0","0","0","0","0","0","0","0"
"110","11115","1486245973733","1602316","409691","295971","1666698","212992","188306","0","40172","0","0","0","0","0","0","0","0","0","0"
"112","11314","1486245973932","1602316","409691","295971","1673318","212992","188777","0","40173","0","0","0","0","0","0","0","0","0","0"
"114","11517","1486245974136","1602316","409691","295971","1679563","212992","189221","0","40174","0","0","0","0","0","0","0","0","0","0"
"116","11714","1486245974333","1602316","409691","295971","1686270","212992","189696","0","40174","0","0","0","0","0","0","0","0","0","0"
"118","11915","1486245974533","1602316","409691","295971","1693279","212992","190196","0","40176","0","0","0","0","0","0","0","0","0","0"
"120","12113","1486245974731","1602316","409691","295971","1700260","215040","190692","0","40176","0","0","0","0","0","0","0","0","0","0"
"122","12338","1486245974957","1602316","409691","295971","1706098","217088","191103","0","40176","0","0","0","0","0","0","0","0","0","0"
"124","12524","1486245975142","1615536","374127","331727","1712251","217088","191540","0","40177","0","0","0","0","0","0","0","0","0","0"
"126","12715","1486245975335","1615536","374127","331727","1715701","217088","191788","0","40178","0","0","0","0","0","0","0","0","0","0"
"128","12917","1486245975537","1615536","374127","331727","1720285","217088","192119","0","40179","0","0","0","0","0","0","0","0","0","0"
"130","13117","1486245975735","1615536","374127","331727","1726219","217088","192539","0","40179","0","0","0","0","0","0","0","0","0","0"
"132","13317","1486245975936","1615536","374127","331727","1732091","217088","192961","0","40180","0","0","0","0","0","0","0","0","0","0"
"134","13518","1486245976136","1615536","374127","331727","1738261","217088","193400","0","40181","0","0","0","0","0","0","0","0","0","0"
"136","13714","1486245976332","1615536","374127","331727","1743684","217088","193786","0","40182","0","0","0","0","0","0","0","0","0","0"
"138","13914","1486245976532","1615536","374127","331727","1750341","221184","194263","0","40182","0","0","0","0","0","0","0","0","0","0"
"140","14116","1486245976734","1615536","374127","331727","1757056","221184","194739","0","40183","0","0","0","0","0","0","0","0","0","0"
"142","14315","1486245976933","1615536","374127","331727","1763559","221184","195207","0","40184","0","0","0","0","0","0","0","0","0","0"
"144","14517","1486245977135","1615536","374127","331727","1770008","225280","195664","0","40184","0","0","0","0","0","0","0","0","0","0"
"146","14715","1486245977333","1615536","374127","331727","1776337","225280","196114","0","40185","0","0","0","0","0","0","0","0","0","0"
"148","14917","1486245977535","1615536","374127","331727","1782309","225280","196538","0","40186","0","0","0","0","0","0","0","0","0","0"
"150","15118","1486245977736","1615536","374127","331727","1788602","225280","196991","0","40187","0","0","0","0","0","0","0","0","0","0"
"152","15315","1486245977933","1615536","374127","331727","1794955","225280","197444","0","40187","0","0","0","0","0","0","0","0","0","0"
"154","15518","1486245978136","1630664","446449","259597","1800813","225280","197864","0","40188","0","0","0","0","0","0","0","0","0","0"
"156","15716","1486245978334","1630664","446449","259597","1806778","225280","198290","0","40189","0","0","0","0","0","0","0","0","0","0"
"158","15917","1486245978534","1630664","446449","259597","1812829","225280","198724","0","40190","0","0","0","0","0","0","0","0","0","0"
"160","16116","1486245978734","1630664","446449","259597","1819443","225280","199197","0","40190","0","0","0","0","0","0","0","0","0","0"
"162","16316","1486245978934","1630664","446449","259597","1826042","225280","199664","0","40191","0","0","0","0","0","0","0","0","0","0"
"164","16516","1486245979134","1630664","446449","259597","1832725","229376","200137","0","40192","0","0","0","0","0","0","0","0","0","0"
"166","16716","1486245979333","1630664","446449","259597","1838937","229376","200585","0","40192","0","0","0","0","0","0","0","0","0","0"
"168","16915","1486245979533","1630664","446449","259597","1845373","229376","201042","0","40194","0","0","0","0","0","0","0","0","0","0"
"170","17116","1486245979734","1630664","446449","259597","1851633","229376","201491","0","40194","0","0","0","0","0","0","0","0","0","0"
"172","17317","1486245979934","1630664","446449","259597","1858011","229376","201946","0","40194","0","0","0","0","0","0","0","0","0","0"
"174","17515","1486245980133","1644424","400724","305642","1864839","229376","202432","0","40195","0","0","0","0","0","0","0","0","0","0"
"176","17716","1486245980334","1644424","400724","305642","1870355","229376","202824","0","40196","0","0","0","0","0","0","0","0","0","0"
"178","17917","1486245980535","1644424","400724","305642","1876632","229376","203276","0","40197","0","0","0","0","0","0","0","0","0","0"
"180","18118","1486245980735","1644424","400724","305642","1883243","229376","203745","0","40198","0","0","0","0","0","0","0","0","0","0"
"182","18316","1486245980934","1644424","400724","305642","1889814","229376","204214","0","40198","0","0","0","0","0","0","0","0","0","0"
"184","18516","1486245981134","1644424","400724","305642","1896290","231424","204678","0","40199","0","0","0","0","0","0","0","0","0","0"
"186","18791","1486245981409","1644424","400724","305642","1903065","233472","205163","0","40200","0","0","0","0","0","0","0","0","0","0"
"188","18948","1486245981566","1644424","400724","305642","1909210","233472","205602","0","40200","0","0","0","0","0","0","0","0","0","0"
"190","19119","1486245981737","1644424","400724","305642","1911864","233472","205790","0","40200","0","0","0","0","0","0","0","0","0","0"
"192","19316","1486245981934","1644424","400724","305642","1917716","233472","206213","0","40201","0","0","0","0","0","0","0","0","0","0"
"194","19516","1486245982133","1644424","400724","305642","1924196","233472","206677","0","40202","0","0","0","0","0","0","0","0","0","0"
"196","19723","1486245982341","1644424","400724","305642","1930446","233472","207125","0","40202","0","0","0","0","0","0","0","0","0","0"
"198","19918","1486245982537","1644424","400724","305642","1937342","233472","207617","0","40203","0","0","0","0","0","0","0","0","0","0"
"200","20120","1486245982738","1644424","400724","305642","1944054","233472","208093","0","40204","0","0","0","0","0","0","0","0","0","0"
"202","20322","1486245982940","1644424","400724","305642","1950424","233472","208550","0","40204","0","0","0","0","0","0","0","0","0","0"
"204","20516","1486245983134","1667608","347691","358803","1956262","233472","208972","0","40205","0","0","0","0","0","0","0","0","0","0"
"206","20720","1486245983338","1667608","347691","358803","1962011","235520","209387","0","40206","0","0","0","0","0","0","0","0","0","0"
"208","20917","1486245983534","1667608","347691","358803","1969056","237568","209889","0","40207","0","0","0","0","0","0","0","0","0","0"
"210","21119","1486245983737","1667608","347691","358803","1976003","237568","210378","0","40207","0","0","0","0","0","0","0","0","0","0"
"212","21317","1486245983935","1667608","347691","358803","1982195","237568","210824","0","40208","0","0","0","0","0","0","0","0","0","0"
"214","21517","1486245984135","1667608","347691","358803","1988598","237568","211277","0","40208","0","0","0","0","0","0","0","0","0","0"
"216","21716","1486245984334","1667608","347691","358803","1994143","237568","211682","0","40209","0","0","0","0","0","0","0","0","0","0"
"218","21919","1486245984537","1667608","347691","358803","2000708","237568","212144","0","40210","0","0","0","0","0","0","0","0","0","0"
"220","22116","1486245984734","1667608","347691","358803","2007378","237568","212622","0","40211","0","0","0","0","0","0","0","0","0","0"
"222","22317","1486245984934","1667608","347691","358803","2014146","237568","213105","0","40211","0","0","0","0","0","0","0","0","0","0"
"224","22518","1486245985136","1687392","507570","199052","2020638","237568","213561","0","40212","0","0","0","0","0","0","0","0","0","0"
"226","22718","1486245985336","1687392","507570","199052","2026777","239616","214005","0","40212","0","0","0","0","0","0","0","0","0","0"
"228","22922","1486245985540","1687392","507570","199052","2033775","245760","214507","0","40214","0","0","0","0","0","0","0","0","0","0"
"230","23118","1486245985736","1687392","507570","199052","2040563","245760","214992","0","40214","0","0","0","0","0","0","0","0","0","0"
"232","23318","1486245985936","1687392","507570","199052","2047069","245760","215459","0","40214","0","0","0","0","0","0","0","0","0","0"
"234","23518","1486245986136","1687392","507570","199052","2053839","245760","215943","0","40216","0","0","0","0","0","0","0","0","0","0"
"236","23718","1486245986335","1687392","507570","199052","2060786","245760","216437","0","40216","0","0","0","0","0","0","0","0","0","0"
"238","23918","1486245986536","1687392","507570","199052","2066478","245760","216845","0","40217","0","0","0","0","0","0","0","0","0","0"
"240","24118","1486245986736","1687392","507570","199052","2073059","245760","217318","0","40218","0","0","0","0","0","0","0","0","0","0"
"242","24316","1486245986937","1687392","507570","199052","2079751","245760","217792","0","40218","0","0","0","0","0","0","0","0","0","0"
"244","24517","1486245987135","1687392","507570","199052","2086496","245760","218278","0","40219","0","0","0","0","0","0","0","0","0","0"
"246","24720","1486245987338","1687392","507570","199052","2092312","247808","218698","0","40220","0","0","0","0","0","0","0","0","0","0"
"248","24920","1486245987538","1687392","507570","199052","2098349","249856","219130","0","40220","0","0","0","0","0","0","0","0","0","0"
"250","25119","1486245987737","1687392","507570","199052","2105646","249856","219650","0","40220","0","0","0","0","0","0","0","0","0","0"
"252","25318","1486245987935","1687392","507570","199052","2111841","249856","220094","0","40222","0","0","0","0","0","0","0","0","0","0"
"254","25520","1486245988138","1693296","452365","254257","2118381","249856","220561","0","40222","0","0","0","0","0","0","0","0","0","0"
"256","25719","1486245988337","1693296","452365","254257","2124378","249856","220988","0","40222","0","0","0","0","0","0","0","0","0","0"
"258","25919","1486245988536","1693296","452365","254257","2130741","249856","221444","0","40224","0","0","0","0","0","0","0","0","0","0"
"260","26118","1486245988738","1693296","452365","254257","2136278","249856","221843","0","40224","0","0","0","0","0","0","0","0","0","0"
"262","26321","1486245988939","1693296","452365","254257","2142763","249856","222306","0","40224","0","0","0","0","0","0","0","0","0","0"
"264","26522","1486245989140","1693296","452365","254257","2149728","249856","222804","0","40226","0","0","0","0","0","0","0","0","0","0"
"266","26724","1486245989341","1693296","452365","254257","2155937","251904","223244","0","40226","0","0","0","0","0","0","0","0","0","0"
"268","26921","1486245989539","1693296","452365","254257","2162079","253952","223683","0","40226","0","0","0","0","0","0","0","0","0","0"
"270","27118","1486245989736","1693296","452365","254257","2169070","253952","224173","0","40228","0","0","0","0","0","0","0","0","0","0"
"272","27321","1486245989939","1693296","452365","254257","2176042","253952","224673","0","40228","0","0","0","0","0","0","0","0","0","0"
"274","27522","1486245990139","1707428","434182","272440","2183339","253952","225192","0","40229","0","0","0","0","0","0","0","0","0","0"
"276","27718","1486245990336","1707428","434182","272440","2189844","253952","225654","0","40230","0","0","0","0","0","0","0","0","0","0"
"278","27919","1486245990537","1707428","434182","272440","2196038","253952","226097","0","40230","0","0","0","0","0","0","0","0","0","0"
"280","28120","1486245990737","1707428","434182","272440","2202719","253952","226575","0","40230","0","0","0","0","0","0","0","0","0","0"
"282","28328","1486245990946","1707428","434182","272440","2209326","253952","227052","0","40232","0","0","0","0","0","0","0","0","0","0"
"284","28515","1486245991133","1707428","434182","272440","2216564","253952","227566","0","40232","0","0","0","0","0","0","0","0","0","0"
"286","28715","1486245991333","1707428","434182","272440","2222264","256000","227974","0","40232","0","0","0","0","0","0","0","0","0","0"
"288","28914","1486245991531","1707428","434182","272440","2229247","258048","228476","0","40232","0","0","0","0","0","0","0","0","0","0"
"290","29115","1486245991733","1707428","434182","272440","2235259","258048","228915","0","40234","0","0","0","0","0","0","0","0","0","0"
"292","29316","1486245991934","1707428","434182","272440","2242004","258048","229400","0","40234","0","0","0","0","0","0","0","0","0","0"
"294","29515","1486245992133","1707428","434182","272440","2246678","258048","229737","0","40234","0","0","0","0","0","0","0","0","0","0"
"296","29716","1486245992333","1707428","434182","272440","2251562","258048","230084","0","40236","0","0","0","0","0","0","0","0","0","0"
"298","29919","1486245992537","1707428","434182","272440","2257780","258048","230533","0","40236","0","0","0","0","0","0","0","0","0","0"
"300","30119","1486245992737","1707428","434182","272440","2264641","258048","231021","0","40236","0","0","0","0","0","0","0","0","0","0"
"302","30318","1486245992935","1707428","434182","272440","2270887","258048","231472","0","40237","0","0","0","0","0","0","0","0","0","0"
"304","30514","1486245993132","1724084","516224","190526","2276787","258048","231895","0","40238","0","0","0","0","0","0","0","0","0","0"
"306","30715","1486245993333","1724084","517248","189502","2283253","258048","232355","0","40238","0","0","0","0","0","0","0","0","0","0"
"308","30916","1486245993534","1724084","517248","189502","2289864","260096","232827","0","40239","0","0","0","0","0","0","0","0","0","0"
"310","31118","1486245993736","1724084","517248","189502","2295907","262144","233263","0","40240","0","0","0","0","0","0","0","0","0","0"
"312","31316","1486245993934","1724084","517248","189502","2302713","262144","233750","0","40240","0","0","0","0","0","0","0","0","0","0"
"314","31515","1486245994133","1724084","517248","189502","2309086","262144","234206","0","40241","0","0","0","0","0","0","0","0","0","0"
"316","31719","1486245994337","1724084","517248","189502","2315647","262144","234674","0","40241","0","0","0","0","0","0","0","0","0","0"
"318","31915","1486245994533","1724084","517248","189502","2322431","262144","235155","0","40242","0","0","0","0","0","0","0","0","0","0"
"320","32119","1486245994737","1724084","517248","189502","2329341","262144","235650","0","40243","0","0","0","0","0","0","0","0","0","0"
"322","32316","1486245994933","1724084","517248","189502","2336033","262144","236128","0","40243","0","0","0","0","0","0","0","0","0","0"
"324","32518","1486245995136","1740256","464058","242756","2342687","262144","236609","0","40243","0","0","0","0","0","0","0","0","0","0"
"326","32717","1486245995335","1740256","464058","242756","2349048","262144","237062","0","40245","0","0","0","0","0","0","0","0","0","0"
"328","32917","1486245995536","1740256","464058","242756","2356195","266240","237576","0","40245","0","0","0","0","0","0","0","0","0","0"
"330","33121","1486245995739","1740256","464058","242756","2363276","266240","238082","0","40245","0","0","0","0","0","0","0","0","0","0"
"332","33316","1486245995934","1740256","464058","242756","2369946","266240","238561","0","40246","0","0","0","0","0","0","0","0","0","0"
"334","33518","1486245996136","1740256","464058","242756","2376649","266240","239044","0","40247","0","0","0","0","0","0","0","0","0","0"
"336","33717","1486245996335","1740256","464058","242756","2383869","266240","239562","0","40247","0","0","0","0","0","0","0","0","0","0"
"338","33916","1486245996534","1740256","464058","242756","2390089","266240","240010","0","40248","0","0","0","0","0","0","0","0","0","0"
"340","34119","1486245996737","1740256","464058","242756","2396929","266240","240496","0","40249","0","0","0","0","0","0","0","0","0","0"
"342","34322","1486245996940","1740256","464058","242756","2403897","266240","240994","0","40249","0","0","0","0","0","0","0","0","0","0"
"344","34519","1486245997136","1740256","464058","242756","2410431","266240","241462","0","40249","0","0","0","0","0","0","0","0","0","0"
"346","34721","1486245997339","1740256","464058","242756","2416969","268288","241930","0","40250","0","0","0","0","0","0","0","0","0","0"
"348","34918","1486245997536","1740256","464058","242756","2423980","270336","242428","0","40250","0","0","0","0","0","0","0","0","0","0"
"350","35122","1486245997740","1740256","464058","242756","2430617","270336","242901","0","40251","0","0","0","0","0","0","0","0","0","0"
"352","35321","1486245997939","1740256","464058","242756","2437608","270336","243400","0","40251","0","0","0","0","0","0","0","0","0","0"
"354","35517","1486245998135","1754276","398497","308317","2443545","270336","243821","0","40252","0","0","0","0","0","0","0","0","0","0"
"356","35718","1486245998336","1754276","398497","308317","2449546","270336","244246","0","40253","0","0","0","0","0","0","0","0","0","0"
"358","35917","1486245998534","1754276","398497","308317","2455950","270336","244711","0","40253","0","0","0","0","0","0","0","0","0","0"
"360","36117","1486245998735","1754276","398497","308317","2462564","270336","245183","0","40253","0","0","0","0","0","0","0","0","0","0"
"362","36318","1486245998936","1754276","398497","308317","2468828","270336","245635","0","40255","0","0","0","0","0","0","0","0","0","0"
"364","36518","1486245999136","1754276","398497","308317","2475533","270336","246110","0","40255","0","0","0","0","0","0","0","0","0","0"
"366","36718","1486245999336","1754276","398497","308317","2482503","272384","246609","0","40255","0","0","0","0","0","0","0","0","0","0"
"368","36916","1486245999534","1754276","398497","308317","2490231","274432","247160","0","40255","0","0","0","0","0","0","0","0","0","0"
"370","37118","1486245999736","1754276","398497","308317","2496719","274432","247629","0","40256","0","0","0","0","0","0","0","0","0","0"
"372","37321","1486245999939","1754276","398497","308317","2502788","274432","248065","0","40257","0","0","0","0","0","0","0","0","0","0"
"374","37518","1486246000136","1768832","366907","339907","2510370","274432","248605","0","40257","0","0","0","0","0","0","0","0","0","0"
"376","37716","1486246000337","1768832","366907","339907","2517033","274432","249083","0","40257","0","0","0","0","0","0","0","0","0","0"
"378","37920","1486246000538","1768832","366907","339907","2523687","274432","249556","0","40259","0","0","0","0","0","0","0","0","0","0"
"380","38118","1486246000735","1768832","366907","339907","2530178","274432","250024","0","40259","0","0","0","0","0","0","0","0","0","0"
"382","38317","1486246000935","1768832","366907","339907","2536458","274432","250471","0","40259","0","0","0","0","0","0","0","0","0","0"
"384","38522","1486246001140","1768832","366907","339907","2542976","274432","250939","0","40261","0","0","0","0","0","0","0","0","0","0"
"386","38722","1486246001340","1768832","366907","339907","2549552","276480","251408","0","40261","0","0","0","0","0","0","0","0","0","0"
"388","38917","1486246001535","1768832","366907","339907","2556234","278528","251890","0","40261","0","0","0","0","0","0","0","0","0","0"
"390","39117","1486246001735","1768832","366907","339907","2563030","278528","252370","0","40262","0","0","0","0","0","0","0","0","0","0"
"392","39319","1486246001937","1768832","366907","339907","2570016","278528","252866","0","40263","0","0","0","0","0","0","0","0","0","0"
"394","39520","1486246002137","1768832","366907","339907","2577508","278528","253398","0","40263","0","0","0","0","0","0","0","0","0","0"
"396","39718","1486246002336","1768832","366907","339907","2584106","278528","253866","0","40263","0","0","0","0","0","0","0","0","0","0"
"398","39922","1486246002540","1768832","366907","339907","2590600","278528","254326","0","40265","0","0","0","0","0","0","0","0","0","0"
"400","40119","1486246002737","1768832","366907","339907","2597921","278528","254845","0","40265","0","0","0","0","0","0","0","0","0","0"
"402","40319","1486246002936","1768832","366907","339907","2604648","278528","255328","0","40265","0","0","0","0","0","0","0","0","0","0"
"404","40519","1486246003137","1783620","449896","256982","2611420","280576","255815","0","40266","0","0","0","0","0","0","0","0","0","0"
"406","40719","1486246003337","1783620","449896","256982","2618091","282624","256290","0","40267","0","0","0","0","0","0","0","0","0","0"
"408","40918","1486246003536","1783620","449896","256982","2625262","282624","256798","0","40267","0","0","0","0","0","0","0","0","0","0"
"410","41119","1486246003737","1783620","449896","256982","2631945","282624","257279","0","40267","0","0","0","0","0","0","0","0","0","0"
"412","41319","1486246003937","1783620","449896","256982","2638044","282624","257710","0","40269","0","0","0","0","0","0","0","0","0","0"
"414","41519","1486246004137","1783620","449896","256982","2645102","282624","258214","0","40269","0","0","0","0","0","0","0","0","0","0"
"416","41721","1486246004338","1783620","449896","256982","2651568","282624","258675","0","40269","0","0","0","0","0","0","0","0","0","0"
"418","41920","1486246004538","1783620","449896","256982","2658364","282624","259160","0","40270","0","0","0","0","0","0","0","0","0","0"
"420","42119","1486246004737","1783620","449896","256982","2664753","282624","259623","0","40271","0","0","0","0","0","0","0","0","0","0"
"422","42320","1486246004938","1783620","449896","256982","2671495","282624","260106","0","40271","0","0","0","0","0","0","0","0","0","0"
"424","42520","1486246005137","1798132","425363","281515","2678202","284672","260587","0","40271","0","0","0","0","0","0","0","0","0","0"
"426","42720","1486246005338","1798132","425363","281515","2684509","286720","261037","0","40272","0","0","0","0","0","0","0","0","0","0"
"428","42922","1486246005540","1798132","425363","281515","2690751","286720","261488","0","40273","0","0","0","0","0","0","0","0","0","0"
"430","43121","1486246005738","1798132","425363","281515","2697684","286720","261987","0","40273","0","0","0","0","0","0","0","0","0","0"
"432","43320","1486246005937","1798132","425363","281515","2704761","286720","262490","0","40274","0","0","0","0","0","0","0","0","0","0"
"434","43519","1486246006137","1798132","425363","281515","2710977","286720","262931","0","40274","0","0","0","0","0","0","0","0","0","0"
"436","43721","1486246006339","1798132","425363","281515","2717512","286720","263397","0","40275","0","0","0","0","0","0","0","0","0","0"
"438","43920","1486246006537","1798132","425363","281515","2723890","286720","263857","0","40275","0","0","0","0","0","0","0","0","0","0"
"440","44121","1486246006739","1798132","425363","281515","2730656","286720","264337","0","40275","0","0","0","0","0","0","0","0","0","0"
"442","44322","1486246006940","1798132","425363","281515","2737187","286720","264798","0","40276","0","0","0","0","0","0","0","0","0","0"
"444","44519","1486246007137","1798132","425363","281515","2743936","288768","265285","0","40277","0","0","0","0","0","0","0","0","0","0"
"446","44723","1486246007340","1798132","425363","281515","2749993","290816","265718","0","40277","0","0","0","0","0","0","0","0","0","0"
"448","44921","1486246007539","1798132","425363","281515","2757032","290816","266227","0","40278","0","0","0","0","0","0","0","0","0","0"
"450","45121","1486246007739","1798132","425363","281515","2764430","290816","266751","0","40278","0","0","0","0","0","0","0","0","0","0"
"452","45321","1486246007938","1798132","425363","281515","2771251","290816","267238","0","40279","0","0","0","0","0","0","0","0","0","0"
"454","45519","1486246008137","1812120","347586","359292","2777014","290816","267658","0","40279","0","0","0","0","0","0","0","0","0","0"
"456","45720","1486246008338","1812120","347586","359292","2783208","290816","268099","0","40280","0","0","0","0","0","0","0","0","0","0"
"458","45921","1486246008539","1812120","347586","359292","2789552","290816","268553","0","40280","0","0","0","0","0","0","0","0","0","0"
"460","46122","1486246008739","1812120","347586","359292","2796313","290816","269036","0","40281","0","0","0","0","0","0","0","0","0","0"
"462","46321","1486246008939","1812120","347586","359292","2802546","290816","269481","0","40281","0","0","0","0","0","0","0","0","0","0"
"464","46521","1486246009139","1812120","347586","359292","2809233","292864","269962","0","40282","0","0","0","0","0","0","0","0","0","0"
"466","46723","1486246009341","1812120","347586","359292","2815443","294912","270407","0","40282","0","0","0","0","0","0","0","0","0","0"
"468","46922","1486246009539","1812120","347586","359292","2822319","294912","270896","0","40283","0","0","0","0","0","0","0","0","0","0"
"470","47121","1486246009739","1812120","347586","359292","2828926","294912","271367","0","40283","0","0","0","0","0","0","0","0","0","0"
"472","47325","1486246009943","1812120","347586","359292","2835455","296960","271832","0","40283","0","0","0","0","0","0","0","0","0","0"
"474","47530","1486246010147","1826448","316844","390098","2842149","299008","272315","0","40285","0","0","0","0","0","0","0","0","0","0"
"476","47721","1486246010339","1826448","316844","390098","2849326","299008","272824","0","40285","0","0","0","0","0","0","0","0","0","0"
"478","47922","1486246010540","1826448","316844","390098","2855587","299008","273271","0","40285","0","0","0","0","0","0","0","0","0","0"
"480","48123","1486246010740","1826448","316844","390098","2862496","299008","273764","0","40285","0","0","0","0","0","0","0","0","0","0"
"482","48322","1486246010940","1826448","316844","390098","2869313","299008","274250","0","40287","0","0","0","0","0","0","0","0","0","0"
"484","48522","1486246011140","1826448","316844","390098","2875610","301056","274702","0","40287","0","0","0","0","0","0","0","0","0","0"
"486","48724","1486246011342","1826448","316844","390098","2882504","303104","275197","0","40287","0","0","0","0","0","0","0","0","0","0"
"488","48923","1486246011540","1826448","316844","390098","2888927","303104","275652","0","40287","0","0","0","0","0","0","0","0","0","0"
"490","49123","1486246011741","1826448","316844","390098","2894899","303104","276079","0","40288","0","0","0","0","0","0","0","0","0","0"
"492","49323","1486246011941","1826448","316844","390098","2901431","303104","276548","0","40288","0","0","0","0","0","0","0","0","0","0"
"494","49527","1486246012145","1826448","316844","390098","2908188","303104","277027","0","40289","0","0","0","0","0","0","0","0","0","0"
"496","49724","1486246012341","1826448","316844","390098","2914353","303104","277473","0","40289","0","0","0","0","0","0","0","0","0","0"
"498","49924","1486246012542","1826448","316844","390098","2920715","303104","277926","0","40290","0","0","0","0","0","0","0","0","0","0"
"500","50128","1486246012746","1826448","316844","390098","2927827","303104","278430","0","40290","0","0","0","0","0","0","0","0","0","0"
"502","50327","1486246012944","1826448","316844","390098","2934432","305152","278900","0","40291","0","0","0","0","0","0","0","0","0","0"
"504","50529","1486246013146","1840548","397792","309150","2941016","305152","279374","0","40291","0","0","0","0","0","0","0","0","0","0"
"506","50727","1486246013345","1840548","397792","309150","2947429","307200","279831","0","40292","0","0","0","0","0","0","0","0","0","0"
"508","50929","1486246013547","1840548","397792","309150","2954095","307200","280306","0","40292","0","0","0","0","0","0","0","0","0","0"
"510","51128","1486246013745","1840548","397792","309150","2960749","307200","280787","0","40292","0","0","0","0","0","0","0","0","0","0"
"512","51330","1486246013948","1840548","397792","309150","2967247","307200","281252","0","40293","0","0","0","0","0","0","0","0","0","0"
"514","51530","1486246014148","1840548","397792","309150","2973284","307200","281681","0","40293","0","0","0","0","0","0","0","0","0","0"
"516","51728","1486246014345","1840548","397792","309150","2979791","307200","282148","0","40293","0","0","0","0","0","0","0","0","0","0"
"518","51928","1486246014545","1840548","397792","309150","2986365","307200","282612","0","40294","0","0","0","0","0","0","0","0","0","0"
"520","52128","1486246014746","1840548","397792","309150","2992813","307200","283073","0","40294","0","0","0","0","0","0","0","0","0","0"
"522","52328","1486246014945","1840548","397792","309150","2998681","309248","283502","0","40295","0","0","0","0","0","0","0","0","0","0"
"524","52521","1486246015139","1854620","531958","175112","3004555","309248","283926","0","40295","0","0","0","0","0","0","0","0","0","0"
"526","52719","1486246015337","1854620","531958","175112","3010179","309248","284325","0","40295","0","0","0","0","0","0","0","0","0","0"
"528","52925","1486246015545","1854620","531958","175112","3016372","311296","284764","0","40295","0","0","0","0","0","0","0","0","0","0"
"530","53125","1486246015742","1854620","531958","175112","3022944","311296","285239","0","40297","0","0","0","0","0","0","0","0","0","0"
"532","53325","1486246015942","1854620","531958","175112","3029056","311296","285675","0","40297","0","0","0","0","0","0","0","0","0","0"
"534","53519","1486246016137","1854620","531958","175112","3034944","313344","286096","0","40297","0","0","0","0","0","0","0","0","0","0"
"536","53719","1486246016337","1854620","531958","175112","3040950","315392","286521","0","40297","0","0","0","0","0","0","0","0","0","0"
"538","53920","1486246016537","1854620","531958","175112","3048172","315392","287033","0","40298","0","0","0","0","0","0","0","0","0","0"
"540","54119","1486246016737","1854620","531958","175112","3054571","315392","287486","0","40299","0","0","0","0","0","0","0","0","0","0"
"542","54319","1486246016937","1854620","531958","175112","3060951","315392","287942","0","40299","0","0","0","0","0","0","0","0","0","0"
"544","54519","1486246017136","1854620","531958","175112","3067228","317440","288388","0","40299","0","0","0","0","0","0","0","0","0","0"
"546","54725","1486246017342","1854620","531958","175112","3073735","317440","288848","0","40299","0","0","0","0","0","0","0","0","0","0"
"548","54925","1486246017543","1854620","531958","175112","3080045","319488","289296","0","40300","0","0","0","0","0","0","0","0","0","0"
"550","55127","1486246017745","1854620","531958","175112","3086853","319488","289783","0","40301","0","0","0","0","0","0","0","0","0","0"
"552","55320","1486246017938","1854620","531958","175112","3093660","319488","290271","0","40301","0","0","0","0","0","0","0","0","0","0"
"554","55522","1486246018140","1868608","439837","267233","3100417","319488","290750","0","40301","0","0","0","0","0","0","0","0","0","0"
"556","55720","1486246018338","1868608","439837","267233","3107066","319488","291229","0","40301","0","0","0","0","0","0","0","0","0","0"
"558","55919","1486246018536","1868608","439837","267233","3114234","319488","291740","0","40303","0","0","0","0","0","0","0","0","0","0"
"560","56120","1486246018738","1868608","439837","267233","3120925","319488","292220","0","40303","0","0","0","0","0","0","0","0","0","0"
"562","56321","1486246018939","1868608","439837","267233","3127142","319488","292661","0","40303","0","0","0","0","0","0","0","0","0","0"
"564","56519","1486246019139","1868608","439837","267233","3133985","321536","293156","0","40303","0","0","0","0","0","0","0","0","0","0"
"566","56720","1486246019338","1868608","439837","267233","3140276","323584","293600","0","40304","0","0","0","0","0","0","0","0","0","0"
"568","56919","1486246019537","1868608","439837","267233","3146494","323584","294046","0","40305","0","0","0","0","0","0","0","0","0","0"
"570","57124","1486246019742","1868608","439837","267233","3153406","323584","294542","0","40305","0","0","0","0","0","0","0","0","0","0"
"572","57323","1486246019941","1868608","439837","267233","3159672","323584","295000","0","40305","0","0","0","0","0","0","0","0","0","0"
"574","57520","1486246020138","1882500","393832","313366","3166618","323584","295493","0","40305","0","0","0","0","0","0","0","0","0","0"
"576","57721","1486246020339","1882500","393832","313366","3172303","323584","295901","0","40307","0","0","0","0","0","0","0","0","0","0"
"578","57922","1486246020540","1882500","393832","313366","3178909","323584","296376","0","40307","0","0","0","0","0","0","0","0","0","0"
"580","58122","1486246020739","1882500","393832","313366","3185605","323584","296859","0","40307","0","0","0","0","0","0","0","0","0","0"
"582","58324","1486246020941","1882500","393832","313366","3191912","323584","297314","0","40307","0","0","0","0","0","0","0","0","0","0"
"584","58520","1486246021138","1882500","393832","313366","3198753","325632","297801","0","40308","0","0","0","0","0","0","0","0","0","0"
"586","58728","1486246021346","1882500","393832","313366","3205354","327680","298270","0","40309","0","0","0","0","0","0","0","0","0","0"
"588","58927","1486246021544","1882500","393832","313366","3211943","327680","298735","0","40309","0","0","0","0","0","0","0","0","0","0"
"590","59121","1486246021739","1882500","393832","313366","3218926","327680","299228","0","40309","0","0","0","0","0","0","0","0","0","0"
"592","59321","1486246021939","1882500","393832","313366","3225126","327680","299676","0","40309","0","0","0","0","0","0","0","0","0","0"
"594","59521","1486246022139","1882500","393832","313366","3231671","327680","300147","0","40311","0","0","0","0","0","0","0","0","0","0"
"596","59723","1486246022340","1882500","393832","313366","3238644","327680","300644","0","40311","0","0","0","0","0","0","0","0","0","0"
"598","59924","1486246022541","1882500","393832","313366","3245176","327680","301118","0","40311","0","0","0","0","0","0","0","0","0","0"
